{
  "run_id": "20251201-205325",
  "dataset": "bank",
  "method": "True DM (Tabular)",
  "ipc": 10,
  "embedder_type": "BatchNorm",
  "embed_hidden": 256,
  "embed_dim": 128,
  "dm_iters": 2000,
  "dm_lr": 0.05,
  "dm_batch_real": 256,
  "results": {
    "full": {
      "val_auc": 0.9274565083146982,
      "test_acc": 0.902241226776762,
      "test_auc": 0.9151454000261511
    },
    "random": {
      "val_auc": 0.6847556363777092,
      "test_acc": 0.6468593335299322,
      "test_auc": 0.6921923063236783
    },
    "herd": {
      "val_auc": 0.8450323190461526,
      "test_acc": 0.7751400766735477,
      "test_auc": 0.8460674119450181
    },
    "dm": {
      "val_auc": 0.727243109224326,
      "test_acc": 0.646711884399882,
      "test_auc": 0.7076942448292656
    }
  }
}