{
  "run_id": "20251201-205245",
  "dataset": "drybean",
  "method": "True DM (Tabular)",
  "ipc": 10,
  "embedder_type": "BatchNorm",
  "embed_hidden": 256,
  "embed_dim": 128,
  "dm_iters": 2000,
  "dm_lr": 0.05,
  "dm_batch_real": 256,
  "results": {
    "full": {
      "val_auc": 0.9994711904988508,
      "test_acc": 0.9867776689520078,
      "test_auc": 0.9996415711061658
    },
    "random": {
      "val_auc": 0.9649131505801559,
      "test_acc": 0.7340842311459354,
      "test_auc": 0.9695166430189515
    },
    "herd": {
      "val_auc": 0.9736182859017706,
      "test_acc": 0.7198824681684622,
      "test_auc": 0.9770391449393871
    },
    "dm": {
      "val_auc": 0.9700533616550061,
      "test_acc": 0.6753183153770813,
      "test_auc": 0.9757143094145138
    }
  }
}