{
  "run_id": "20251201-205928",
  "dataset": "higgs",
  "method": "True DM (Tabular)",
  "ipc": 10,
  "embedder_type": "BatchNorm",
  "embed_hidden": 256,
  "embed_dim": 128,
  "dm_iters": 2000,
  "dm_lr": 0.05,
  "dm_batch_real": 256,
  "results": {
    "full": {
      "val_auc": 0.7908782899842814,
      "test_acc": 0.7107016589611096,
      "test_auc": 0.7864570552340718
    },
    "random": {
      "val_auc": 0.5212510989914827,
      "test_acc": 0.5192412292629861,
      "test_auc": 0.5080028229707287
    },
    "herd": {
      "val_auc": 0.6185295873387869,
      "test_acc": 0.5822001631765026,
      "test_auc": 0.6236875779567117
    },
    "dm": {
      "val_auc": 0.5576776594202342,
      "test_acc": 0.5327712809355453,
      "test_auc": 0.5309874706047218
    }
  }
}