{
  "run_id": "20251201-204026",
  "dataset": "airlines",
  "method": "True DM (Tabular)",
  "ipc": 10,
  "embedder_type": "LayerNorm",
  "embed_hidden": 256,
  "embed_dim": 128,
  "dm_iters": 2000,
  "dm_lr": 0.05,
  "dm_batch_real": 256,
  "results": {
    "full": {
      "val_auc": 0.6978658605540312,
      "test_acc": 0.6533222919859594,
      "test_auc": 0.7006357308853287
    },
    "random": {
      "val_auc": 0.5635548849819993,
      "test_acc": 0.5275250902259356,
      "test_auc": 0.5261570557022761
    },
    "herd": {
      "val_auc": 0.6508226001650868,
      "test_acc": 0.6234117763385574,
      "test_auc": 0.6513496047278207
    },
    "dm": {
      "val_auc": 0.6096055151098618,
      "test_acc": 0.5847011420378702,
      "test_auc": 0.6050521284310906
    }
  }
}