{
  "run_id": "20251201-203526",
  "dataset": "bank",
  "method": "True DM (Tabular)",
  "ipc": 10,
  "embedder_type": "LayerNorm",
  "embed_hidden": 256,
  "embed_dim": 128,
  "dm_iters": 2000,
  "dm_lr": 0.05,
  "dm_batch_real": 256,
  "results": {
    "full": {
      "val_auc": 0.9274565083146982,
      "test_acc": 0.902241226776762,
      "test_auc": 0.9151454000261511
    },
    "random": {
      "val_auc": 0.6847556363777092,
      "test_acc": 0.6468593335299322,
      "test_auc": 0.6921923063236783
    },
    "herd": {
      "val_auc": 0.845001295622311,
      "test_acc": 0.7752875258035977,
      "test_auc": 0.8460550942806665
    },
    "dm": {
      "val_auc": 0.8216289842489345,
      "test_acc": 0.7586257741079327,
      "test_auc": 0.8111824178711833
    }
  }
}