{
  "run_id": "20251201-203539",
  "dataset": "credit",
  "method": "True DM (Tabular)",
  "ipc": 10,
  "embedder_type": "LayerNorm",
  "embed_hidden": 256,
  "embed_dim": 128,
  "dm_iters": 2000,
  "dm_lr": 0.05,
  "dm_batch_real": 256,
  "results": {
    "full": {
      "val_auc": 0.768851676356103,
      "test_acc": 0.8177777777777778,
      "test_auc": 0.7703164255194292
    },
    "random": {
      "val_auc": 0.6971941017498334,
      "test_acc": 0.6522222222222223,
      "test_auc": 0.6701400350259485
    },
    "herd": {
      "val_auc": 0.6966008358482856,
      "test_acc": 0.4088888888888889,
      "test_auc": 0.6920961528763455
    },
    "dm": {
      "val_auc": 0.7247879913117656,
      "test_acc": 0.6246666666666667,
      "test_auc": 0.7280514753076232
    }
  }
}