{
  "run_id": "20251201-203444",
  "dataset": "drybean",
  "method": "True DM (Tabular)",
  "ipc": 10,
  "embedder_type": "LayerNorm",
  "embed_hidden": 256,
  "embed_dim": 128,
  "dm_iters": 2000,
  "dm_lr": 0.05,
  "dm_batch_real": 256,
  "results": {
    "full": {
      "val_auc": 0.9994711904988508,
      "test_acc": 0.9867776689520078,
      "test_auc": 0.9996415711061658
    },
    "random": {
      "val_auc": 0.9649131505801559,
      "test_acc": 0.7340842311459354,
      "test_auc": 0.9695166430189515
    },
    "herd": {
      "val_auc": 0.9736313138703352,
      "test_acc": 0.7203721841332027,
      "test_auc": 0.9770627378348774
    },
    "dm": {
      "val_auc": 0.9697280486903154,
      "test_acc": 0.6674828599412341,
      "test_auc": 0.9734779363996321
    }
  }
}