Dataset,Full AUC,Rand AUC,Herd AUC,LN AUC,BN AUC,BNDeep AUC,BNWide AUC,BNRes AUC,BNCascade AUC
adult,0.8950583662923635,0.7319500058436907,0.8402601537453555,0.8430803230138463,0.8288898256533318,0.8237100231680337,0.8216946150645231,0.8396482548446857,0.821203325438722
airlines,0.7006357308853287,0.5261570557022761,0.6513480651890261,0.6018786362057275,0.5337179276871548,0.498597356784736,0.49568594266946764,0.5959881134123656,0.4913057541237995
bank,0.9151454000261511,0.6921923063236783,0.846062463823441,0.8117417661677767,0.7100057545601152,0.6758504505001498,0.6761627085554286,0.8025465770895234,0.6687205231448913
covertype,0.9900839471908116,0.7322837040521181,0.8237725303912493,0.8175366672993479,0.7969035257014235,0.7866837153810371,0.7866992899669984,0.82295155828007,0.7840978698015684
credit,0.7703164255194292,0.6701400350259485,0.692166210504117,0.7315757034989272,0.657192554464433,0.6336808420898203,0.6335125032091838,0.6965218178650676,0.6306081919000202
drybean,0.9996415711061658,0.9695166430189515,0.9770576757244367,0.9734691908238288,0.9755767775439038,0.9785151170031685,0.9785407113863485,0.9735931356596039,0.9780113685446666
higgs,0.7864570552340718,0.5080028229707287,0.6236861587911574,0.5774778964501123,0.5319628176398605,0.512928839365968,0.5129473905496857,0.5622156984717313,0.5124692708917309
