{
  "full_data_test_auc": 0.8947431549503225,
  "random_ipc_val_auc": 0.7713232418261423,
  "random_ipc_test_auc": 0.731977023958723,
  "herding_ipc_val_auc": 0.852284397442686,
  "herding_ipc_test_auc": 0.8402607677934244,
  "dm_test_auc": 0.825046345278001,
  "config": {
    "dataset_name": "adult",
    "save_dir": "./results/",
    "device": "cuda",
    "ipc": 10,
    "dm_iters": 1500,
    "dm_lr": 0.05,
    "dm_seed": 2025,
    "num_embedders": 10,
    "embed_hidden": 256,
    "embed_dim": 64,
    "classifier_hidden": [
      128,
      64
    ],
    "classifier_epochs": 20,
    "random_seed": 42
  }
}