{
  "full_data_test_auc": 0.9154635537156498,
  "random_ipc_val_auc": 0.6847881320996317,
  "random_ipc_test_auc": 0.6922152571854621,
  "herding_ipc_val_auc": 0.8450085519485655,
  "herding_ipc_test_auc": 0.8460647799654558,
  "dm_test_auc": 0.6888001057845226,
  "config": {
    "dataset_name": "bank",
    "save_dir": "./results/",
    "device": "cuda",
    "ipc": 10,
    "dm_iters": 1500,
    "dm_lr": 0.05,
    "dm_seed": 2025,
    "num_embedders": 10,
    "embed_hidden": 256,
    "embed_dim": 64,
    "classifier_hidden": [
      128,
      64
    ],
    "classifier_epochs": 20,
    "random_seed": 42
  }
}