{
  "full_data": {
    "acc": 0.7081180310035355,
    "f1": 0.7042174927386329
  },
  "rand_ipc": {
    "acc": 0.49884416644003265,
    "f1": 0.4961626369848188
  },
  "herd_ipc": {
    "acc": 0.585123742181126,
    "f1": 0.5842139555673167
  },
  "dm_ipc": {
    "acc": 0.5220968180581996,
    "f1": 0.5062244170344201
  },
  "config": {
    "dataset_name": "higgs",
    "save_dir": "./results_multiclass/",
    "device": "cuda",
    "ipc": 10,
    "dm_iters": 1500,
    "dm_lr": 0.05,
    "dm_seed": 2025,
    "num_embedders": 10,
    "embed_hidden": 512,
    "embed_dim": 128,
    "classifier_hidden": [
      256,
      128
    ],
    "classifier_epochs": 20,
    "random_seed": 42
  }
}