{
  "full_data": {
    "acc": 0.6545211845552974,
    "f1": 0.6343524640790417
  },
  "rand_ipc": {
    "acc": 0.505771987936916,
    "f1": 0.5054802950899576
  },
  "herd_ipc": {
    "acc": 0.6133386068126762,
    "f1": 0.6120058055515483
  },
  "dm_ipc": {
    "acc": 0.5718223167053937,
    "f1": 0.5654666391932779
  },
  "config": {
    "dataset_name": "airlines",
    "save_dir": "./results_multiclass/",
    "device": "cuda",
    "ipc": 10,
    "dm_iters": 1500,
    "dm_lr": 0.05,
    "dm_seed": 2025,
    "num_embedders": 10,
    "embed_hidden": 512,
    "embed_dim": 128,
    "classifier_hidden": [
      256,
      128
    ],
    "classifier_epochs": 20,
    "random_seed": 42
  }
}