{
  "full_data": {
    "acc": 0.9799216454456415,
    "f1": 0.9568661372510121
  },
  "rand_ipc": {
    "acc": 0.7957884427032321,
    "f1": 0.682433565663165
  },
  "herd_ipc": {
    "acc": 0.827130264446621,
    "f1": 0.7122218676742323
  },
  "dm_ipc": {
    "acc": 0.7693437806072478,
    "f1": 0.667800467234505
  },
  "config": {
    "dataset_name": "drybean",
    "save_dir": "./results_multiclass/",
    "device": "cuda",
    "ipc": 10,
    "dm_iters": 1500,
    "dm_lr": 0.05,
    "dm_seed": 2025,
    "num_embedders": 10,
    "embed_hidden": 512,
    "embed_dim": 128,
    "classifier_hidden": [
      256,
      128
    ],
    "classifier_epochs": 20,
    "random_seed": 42
  }
}