{
  "full_data": {
    "acc": 0.9102602349917386,
    "f1": 0.8682516280804994
  },
  "rand_ipc": {
    "acc": 0.33396823939783365,
    "f1": 0.28041196820186737
  },
  "herd_ipc": {
    "acc": 0.5147902515145952,
    "f1": 0.355656516795949
  },
  "dm_ipc": {
    "acc": 0.47527308610244173,
    "f1": 0.3658165055531966
  },
  "config": {
    "dataset_name": "covertype",
    "save_dir": "./results_multiclass/",
    "device": "cuda",
    "ipc": 10,
    "dm_iters": 1500,
    "dm_lr": 0.05,
    "dm_seed": 2025,
    "num_embedders": 10,
    "embed_hidden": 512,
    "embed_dim": 128,
    "classifier_hidden": [
      256,
      128
    ],
    "classifier_epochs": 20,
    "random_seed": 42
  }
}